{"IcoMoonType":"selection","icons":[{"icon":{"paths":["M396.474 737.6c-16.571-16.687-16.524-43.635 0.107-60.267l165.331-165.333-165.381-165.744c-16.591-16.627-16.576-43.551 0.033-60.16 16.622-16.622 43.573-16.622 60.192 0l225.903 225.904-225.707 225.707c-16.713 16.713-43.824 16.666-60.478-0.107z"],"attrs":[{"fill":"rgb(124, 122, 152)"}],"isMulticolor":false,"isMulticolor2":false,"grid":16,"tags":["chevron-right"]},"attrs":[{"fill":"rgb(124, 122, 152)"}],"properties":{"order":3,"id":493,"name":"right","prevSize":32,"code":59648},"setIdx":0,"setId":1,"iconIdx":0},{"icon":{"paths":["M627.52 737.6c16.572-16.687 16.525-43.635-0.107-60.267l-165.333-165.333 165.385-165.744c16.589-16.627 16.576-43.551-0.034-60.16-16.623-16.622-43.571-16.622-60.194 0l-225.903 225.904 225.707 225.707c16.713 16.713 43.827 16.666 60.48-0.107z"],"attrs":[{"fill":"rgb(124, 122, 152)"}],"isMulticolor":false,"isMulticolor2":false,"grid":16,"tags":["chevron-left"]},"attrs":[{"fill":"rgb(124, 122, 152)"}],"properties":{"order":2,"id":492,"name":"left","prevSize":32,"code":59649},"setIdx":0,"setId":1,"iconIdx":1}],"height":1024,"metadata":{"name":"icomoon"},"preferences":{"showGlyphs":true,"showQuickUse":true,"showQuickUse2":true,"showSVGs":true,"fontPref":{"prefix":"icon-","metadata":{"fontFamily":"icomoon"},"metrics":{"emSize":1024,"baseline":6.25,"whitespace":50},"embed":false},"imagePref":{"prefix":"icon-","png":true,"useClassSelector":true,"color":0,"bgColor":16777215,"classSelector":".icon"},"historySize":50,"showCodes":true,"gridSize":16}}